{
  "IcoMoonType": "selection",
  "icons": [
    {
      "icon": {
        "paths": [
          "M1237.333 0h-1109.333c-70.4 0-128 57.6-128 128v768c0 70.397 57.6 128 128 128h1109.333c70.397 0 128-57.603 128-128v-768c0-70.4-57.603-128-128-128zM128 85.333h1109.333c23.129 0 42.667 19.539 42.667 42.667v128h-1194.667v-128c0-23.128 19.539-42.667 42.667-42.667zM1237.333 938.667h-1109.333c-23.128 0-42.667-19.538-42.667-42.667v-384h1194.667v384c0 23.129-19.538 42.667-42.667 42.667zM170.667 682.667h85.333v170.667h-85.333v-170.667zM341.333 682.667h85.333v170.667h-85.333v-170.667zM512 682.667h85.333v170.667h-85.333v-170.667z"
        ],
        "attrs": [
          {
            "fill": "rgb(245, 245, 245)"
          }
        ],
        "width": 1365,
        "isMulticolor": false,
        "isMulticolor2": false,
        "grid": 0,
        "tags": [
          "card"
        ]
      },
      "attrs": [
        {
          "fill": "rgb(245, 245, 245)"
        }
      ],
      "properties": {
        "order": 8,
        "id": 3,
        "name": "card",
        "prevSize": 32
      },
      "setIdx": 0,
      "setId": 3,
      "iconIdx": 0
    },
    {
      "icon": {
        "paths": [
          "M568.945 725.908v-62.078c74.338-46.718 134.983-163.275 134.983-279.792 0-187.144 0-338.824-202.474-338.824-202.472 0-202.472 151.68-202.472 338.824 0 116.555 60.641 233.074 134.981 279.792v62.078c-228.928 20.896-404.943 146.372-404.943 298.092h944.87c0-151.721-176.020-277.233-404.946-298.092z"
        ],
        "attrs": [
          {
            "fill": "rgb(245, 245, 245)"
          }
        ],
        "isMulticolor": false,
        "isMulticolor2": false,
        "grid": 0,
        "tags": [
          "man"
        ]
      },
      "attrs": [
        {
          "fill": "rgb(245, 245, 245)"
        }
      ],
      "properties": {
        "order": 9,
        "id": 2,
        "name": "man",
        "prevSize": 32
      },
      "setIdx": 0,
      "setId": 3,
      "iconIdx": 1
    },
    {
      "icon": {
        "paths": [
          "M0 14.222v711.111h1137.778v-711.111h-1137.778zM1066.667 654.222h-995.556v-568.889h995.556v568.889zM746.667 796.444h-355.556l-35.556 142.222-71.111 71.111h568.889l-71.111-71.111-35.556-142.222z"
        ],
        "attrs": [
          {
            "fill": "rgb(245, 245, 245)"
          }
        ],
        "width": 1138,
        "isMulticolor": false,
        "isMulticolor2": false,
        "grid": 0,
        "tags": [
          "monitor"
        ]
      },
      "attrs": [
        {
          "fill": "rgb(245, 245, 245)"
        }
      ],
      "properties": {
        "order": 10,
        "id": 1,
        "name": "monitor",
        "prevSize": 32
      },
      "setIdx": 0,
      "setId": 3,
      "iconIdx": 2
    },
    {
      "icon": {
        "paths": [
          "M358.4 0c-176.732 0-320 143.268-320 320 0 320 320 704 320 704s320-384 320-704c0-176.732-143.268-320-320-320zM358.4 512c-106.040 0-192-85.96-192-192s85.96-192 192-192c106.040 0 192 85.96 192 192s-85.96 192-192 192z"
        ],
        "attrs": [
          {
            "fill": "rgb(245, 245, 245)"
          }
        ],
        "width": 717,
        "isMulticolor": false,
        "isMulticolor2": false,
        "grid": 0,
        "tags": [
          "pointer"
        ]
      },
      "attrs": [
        {
          "fill": "rgb(245, 245, 245)"
        }
      ],
      "properties": {
        "order": 11,
        "id": 0,
        "name": "pointer",
        "prevSize": 32
      },
      "setIdx": 0,
      "setId": 3,
      "iconIdx": 3
    },
    {
      "icon": {
        "paths": [
          "M426.667 0c235.634 0 426.667 173.92 426.667 388.449s-191.033 388.446-426.667 388.446c-22.642 0-44.828-1.632-66.53-4.704-91.648 102.689-197.491 121.121-303.247 123.808v-25.12c57.116-31.359 103.111-88.48 103.111-153.727 0-9.12-0.626-18.050-1.792-26.786-96.484-71.2-158.208-179.999-158.208-301.887 0-214.528 191.033-388.449 426.667-388.449v-0.032zM885.332 870.689c0 55.935 32.286 104.894 81.779 131.775v21.536c-91.678-2.303-175.814-18.111-255.231-106.111-18.803 2.656-38.031 4.032-57.658 4.032-84.851 0-163.044-25.762-225.421-69.024 128.596-0.512 249.997-46.849 342.073-130.687 46.392-42.241 83.028-91.841 108.799-147.36 27.334-58.88 41.217-121.569 41.217-186.4 0-10.433-0.4-20.833-1.11-31.168 64.512 59.936 104.22 141.631 104.22 231.679 0 104.48-53.476 197.728-137.102 258.753-1.024 7.487-1.566 15.167-1.566 22.976z"
        ],
        "attrs": [
          {
            "fill": "rgb(97, 165, 104)"
          }
        ],
        "isMulticolor": false,
        "isMulticolor2": false,
        "grid": 0,
        "tags": [
          "chat"
        ]
      },
      "attrs": [
        {
          "fill": "rgb(97, 165, 104)"
        }
      ],
      "properties": {
        "order": 2,
        "id": 5,
        "name": "chat",
        "prevSize": 32
      },
      "setIdx": 1,
      "setId": 2,
      "iconIdx": 6
    },
    {
      "icon": {
        "paths": [
          "M1001.739 518.482c0-274.205-224.234-496.466-500.87-496.466s-500.87 222.261-500.87 496.466c0 59.546 10.581 116.64 29.99 169.545-19.064 32.207-29.99 69.69-29.99 109.717 0 109.41 81.642 199.923 187.826 215.002v-429.971c-31.21 4.437-60.323 15.36-85.837 31.401-5.259-25.909-8.076-52.718-8.076-80.179 0-222.789 182.191-403.38 406.957-403.38s406.955 180.591 406.955 403.38c0 27.461-2.754 54.27-8.045 80.179-25.544-16.041-54.626-26.996-85.867-31.432v430.002c106.184-15.048 187.826-105.561 187.826-215.002 0-40.027-10.926-77.51-29.99-109.717 19.409-52.905 29.99-110 29.99-169.577v0.031z"
        ],
        "attrs": [
          {
            "fill": "rgb(97, 165, 104)"
          }
        ],
        "width": 1002,
        "isMulticolor": false,
        "isMulticolor2": false,
        "grid": 0,
        "tags": [
          "headset"
        ]
      },
      "attrs": [
        {
          "fill": "rgb(97, 165, 104)"
        }
      ],
      "properties": {
        "order": 3,
        "id": 4,
        "name": "headset",
        "prevSize": 32
      },
      "setIdx": 1,
      "setId": 2,
      "iconIdx": 7
    },
    {
      "icon": {
        "paths": [
          "M1024 651.637v-558.546h-768c0-51.433-28.64-93.091-64-93.091h-192v93.091h128l48.064 599.365c-29.28 34.117-48.064 86.528-48.064 145.362 0 102.819 57.312 186.181 128 186.181h768v-93.091h-768c-35.36 0-64-41.659-64-93.091 0-0.325 0-0.653 0-0.931l832-185.251z"
        ],
        "attrs": [
          {
            "fill": "rgb(97, 165, 104)"
          }
        ],
        "isMulticolor": false,
        "isMulticolor2": false,
        "grid": 0,
        "tags": [
          "market"
        ]
      },
      "attrs": [
        {
          "fill": "rgb(97, 165, 104)"
        }
      ],
      "properties": {
        "order": 4,
        "id": 3,
        "name": "market",
        "prevSize": 32
      },
      "setIdx": 1,
      "setId": 2,
      "iconIdx": 8
    },
    {
      "icon": {
        "paths": [
          "M813.913 163.305v-141.533h-626.087v141.533h-187.826v141.533c0 117.259 84.084 212.3 187.826 212.3 19.628 0 38.567-3.397 56.38-9.73 45.172 72.996 114.071 125.823 194.055 144.186v219.376h-62.609c-69.151 0-125.217 63.372-125.217 141.532h500.87c0-78.16-56.066-141.532-125.217-141.532h-62.609v-219.376c79.983-18.363 148.883-71.19 194.055-144.186 17.782 6.333 36.722 9.73 56.38 9.73 103.742 0 187.826-95.041 187.826-212.3v-141.533h-187.826zM187.826 433.103c-62.577 0-113.478-57.533-113.478-128.265v-70.767h113.478v70.767c0 44.442 7.263 86.935 20.504 126.141-6.668 1.38-13.492 2.124-20.504 2.124zM927.392 304.838c0 70.732-50.902 128.265-113.479 128.265-7.012 0-13.837-0.744-20.504-2.124 13.241-39.17 20.504-81.7 20.504-126.141v-70.767h113.479v70.767z"
        ],
        "attrs": [
          {
            "fill": "rgb(97, 165, 104)"
          }
        ],
        "width": 1002,
        "isMulticolor": false,
        "isMulticolor2": false,
        "grid": 0,
        "tags": [
          "reward"
        ]
      },
      "attrs": [
        {
          "fill": "rgb(97, 165, 104)"
        }
      ],
      "properties": {
        "order": 5,
        "id": 2,
        "name": "reward",
        "prevSize": 32
      },
      "setIdx": 1,
      "setId": 2,
      "iconIdx": 9
    },
    {
      "icon": {
        "paths": [
          "M303.937 836c27.136 0 53.792-13.121 69.982-37.408 25.73-38.593 15.296-90.751-23.295-116.481l-66.080-44.064c11.296-3.072 23.199-4.767 35.487-4.767 74.399 0 134.688 60.289 134.688 134.688s-60.32 134.688-134.688 134.688c-72.415 0-131.456-57.121-134.56-128.767l71.968 47.966c14.336 9.537 30.495 14.113 46.528 14.113l-0.032 0.032zM853.345 0c93.887 0 170.655 76.8 170.655 170.688v682.625c0 93.951-76.768 170.687-170.655 170.687h-682.657c-93.888 0-170.688-76.736-170.688-170.687v-203.041l121.344 80.896c-11.648 63.167 6.944 130.817 55.808 179.68 78.912 78.912 206.816 78.912 285.728 0 48.481-48.481 67.136-115.423 56.065-178.176l249.055-222.975c46.239-6.624 90.815-27.746 126.4-63.329 87.488-87.488 87.488-229.313 0-316.768s-229.312-87.488-316.801 0c-35.583 35.584-56.673 80.16-63.329 126.4l-204.702 310.24c-31.842 1.632-63.392 10.752-91.713 27.391l-217.856-145.246v-277.697c0-93.888 76.8-170.688 170.688-170.688h682.657zM896 287.999c0-88.351-71.648-159.999-159.999-159.999-88.353 0-160.001 71.648-160.001 159.999 0 88.353 71.648 160.001 160.001 160.001 88.351 0 159.999-71.648 159.999-160.001zM640 287.999c0-53.023 42.976-95.999 96.001-95.999 53.023 0 95.999 42.976 95.999 95.999 0 53.025-42.976 96.001-95.999 96.001-53.025 0-96.001-42.976-96.001-96.001z"
        ],
        "attrs": [
          {
            "fill": "rgb(97, 165, 104)"
          }
        ],
        "isMulticolor": false,
        "isMulticolor2": false,
        "grid": 0,
        "tags": [
          "steam"
        ]
      },
      "attrs": [
        {
          "fill": "rgb(97, 165, 104)"
        }
      ],
      "properties": {
        "order": 6,
        "id": 1,
        "name": "steam",
        "prevSize": 32
      },
      "setIdx": 1,
      "setId": 2,
      "iconIdx": 10
    },
    {
      "icon": {
        "paths": [
          "M512 0c-282.783 0-512 229.217-512 512s229.217 512 512 512c282.783 0 512-229.217 512-512s-229.217-512-512-512zM512 960c-62.944 0-122.88-13.023-177.216-36.448l233.151-262.303c5.216-5.857 8.096-13.41 8.096-21.249v-96.001c0-17.663-14.336-31.999-31.999-31.999-112.993 0-232.193-117.471-233.376-118.625-6.017-6.014-14.145-9.375-22.624-9.375h-128.001c-17.664 0-32 14.336-32 31.999v192.002c0 12.126 6.848 23.199 17.696 28.606l110.304 55.169v187.872c-116.064-80.96-192-215.425-192-367.648 0-68.704 15.488-133.791 43.136-192h116.864c8.48 0 16.64-3.361 22.624-9.375l128-128.001c6.017-6.016 9.375-14.144 9.375-22.624v-77.408c40.575-12.064 83.52-18.592 128-18.592 70.401 0 136.993 16.256 196.287 45.184-4.16 3.488-8.192 7.168-12.031 11.040-36.256 36.256-56.224 84.48-56.224 135.776s19.968 99.487 56.224 135.776c36.448 36.448 85.215 56.256 135.648 56.256 3.168 0 6.335-0.064 9.503-0.223 13.824 51.808 38.753 186.655-8.415 372.32-0.448 1.759-0.703 3.488-0.833 5.216-81.31 83.071-194.687 134.656-320.127 134.656h-0.064z"
        ],
        "attrs": [
          {
            "fill": "rgb(97, 165, 104)"
          }
        ],
        "isMulticolor": false,
        "isMulticolor2": false,
        "grid": 0,
        "tags": [
          "world"
        ]
      },
      "attrs": [
        {
          "fill": "rgb(97, 165, 104)"
        }
      ],
      "properties": {
        "order": 7,
        "id": 0,
        "name": "world",
        "prevSize": 32
      },
      "setIdx": 1,
      "setId": 2,
      "iconIdx": 11
    }
  ],
  "height": 1024,
  "preferences": {
    "showGlyphs": true,
    "showQuickUse": true,
    "showQuickUse2": true,
    "showSVGs": true,
    "fontPref": {
      "prefix": "icon-",
      "metadata": {
        "fontFamily": "icomoon"
      },
      "metrics": {
        "emSize": 1024,
        "baseline": 6.25,
        "whitespace": 50
      },
      "embed": false
    },
    "imagePref": {
      "prefix": "icon-",
      "png": true,
      "useClassSelector": true,
      "color": 0,
      "bgColor": 16777215,
      "classSelector": ".icon",
      "name": "icomoon"
    },
    "historySize": 50,
    "showCodes": true,
    "gridSize": 16
  }
}